Stress Level,HRNmean,HRstd,HRNSD,HRNFD,avNN,sdNN,rMSSD,PHRNN50,PHRNN20,HRV_HTI,HRV_ShanEn,HRV_MFDFA_alpha1_Asymmetry,BRNmean,BRstd,BRNFD,BRNSD,BRV,BRavNN,BRavNN.1,RSP_Phase_Duration_Inspiration,RSP_Phase_Duration_Expiration,RSP_Phase_Duration_Ratio,RSP_Symmetry_RiseDecay,RSP_Symmetry_PeakTrough
1,87.35189812,0.231919053,0.254756781,0.274497096,69.21473981,11.43721428,13.2793555,0,13.59390793,3.004195759,4.868078747,-0.390825741,10.93800836,13.35548555,0.009900371,0.000140178,560.395,35.62429132,133.4602065,0.277144381,0.289837222,0.989668833,0.509068057,0.55436802
1,85.00087632,0.228470326,0.24794827,0.272615721,70.81106869,8.992037355,10.08821979,0,4.84969274,2.886942826,4.748836075,-0.304260152,10.12725185,11.92381888,0.009166174,0.000127147,613.0061905,32.5665212,184.5309169,0.351379048,0.287510714,1.266416172,0.524338195,0.500626464
1,83.89697058,0.230066331,0.256807747,0.276012011,71.81730282,10.94143142,12.08079309,0.192771084,8.706915822,3.31025974,4.822807981,-0.353068477,9.269685757,12.55263074,0.008295017,0.000104259,731.5447619,35.76049516,261.8381121,0.354758429,0.41760381,0.846141895,0.474096008,0.531932517
1,81.90287371,0.227527324,0.235408124,0.261944224,73.47829864,10.69482777,10.50603843,0,5.549967043,3.488545078,4.848116769,-0.385538736,10.52881586,11.2023815,0.009300564,0.000123204,585.7028571,29.75963319,117.0953833,0.257756667,0.327311429,0.78840961,0.444375206,0.475891961
0,87.58792707,0.238267068,0.217664465,0.253159869,68.70838736,8.923502912,9.491938606,0,3.144395765,2.925120773,4.694773699,-0.210309072,10.81746015,8.61508225,0.009385049,0.000121955,570.537037,23.20805758,130.4468802,0.269066667,0.297388889,0.925155014,0.489611521,0.533746581
1,70.55051422,0.208246561,0.177891898,0.23644348,85.44389217,10.62094492,11.77868189,0.727619048,8.884946695,2.799318182,4.598864597,-0.40885656,13.50705391,3.186599871,0.009825489,0.000161407,453.9810909,6.664700061,120.305924,0.214906061,0.232625091,0.924628619,0.48481906,0.534716035
1,71.90647305,0.202163814,0.181127627,0.2364547,84.07335894,13.31202778,14.29313784,2.873239437,11.83581489,3.315393612,4.886465416,-0.441543163,13.1209079,5.642669628,0.008664861,0.000138292,491.0048485,13.27985077,187.6531468,0.248469143,0.239405541,1.044341481,0.517210094,0.510753926
1,72.84257811,0.202324319,0.178741875,0.236082417,82.95131218,14.03798536,14.94688903,1.315068493,14.17284685,3.03268461,4.768923615,-0.505251178,13.97606223,3.204698461,0.010278754,0.000167624,444.9127273,7.109432516,152.8148753,0.213904615,0.226081818,0.9707244,0.505485558,0.522740253
1,75.97129085,0.190766896,0.181227556,0.239700575,79.9925231,15.46233063,16.84551022,0.953412784,18.53597604,3.450881595,4.97343863,-0.494113883,13.97213475,4.484568596,0.009524077,0.000160091,452.6103636,9.939947945,172.1801321,0.237626666,0.216934182,1.086884163,0.509251511,0.505492448
0,77.0158141,0.195577053,0.206047827,0.25090282,78.5,16.56474811,17.77098757,2,18.66666667,3.768382353,5.035420485,-0.473946429,11.31870238,4.225914954,0.009354287,0.000144356,562,10.23523805,191.0136649,0.285888889,0.2613125,1.114430192,0.523700383,0.551364398
1,78.03054483,0.18624722,0.216779464,0.255076568,77.12893273,11.62299473,11.99902077,0.836709957,7.039288639,3.408769231,4.922619294,-0.464622029,11.80913473,2.824044815,0.010206106,0.000161974,513.9793939,7.267951751,168.2019417,0.243926182,0.273132121,0.912184898,0.48156548,0.538796734
1,72.57437493,0.186556771,0.212111419,0.247552478,83.01098985,10.74117637,11.98935557,0,8.482127316,3.526190476,4.878588411,-0.441902171,10.29426196,3.136393894,0.00957222,0.000143866,601.9653333,8.347681742,165.9968704,0.293769143,0.292436,1.023408725,0.498862735,0.54591907
1,72.28812847,0.184046584,0.209161765,0.246670145,83.17921463,9.600976769,9.747970445,0.219178082,5.882296194,3.462787879,4.658848175,-0.646301485,11.15662219,2.912665322,0.009952179,0.000161525,530.7712554,7.710014543,124.0530792,0.236924444,0.314244069,0.775777673,0.386951549,0.487691732
1,72.53276852,0.183749629,0.203266009,0.23861553,83.05705535,12.78125345,11.48688372,0,5.698482743,3.806817814,4.962876191,-0.528098643,13.59360485,3.023866375,0.011378137,0.000198404,458.88,7.556521334,192.3917921,0.212663347,0.246134667,0.862916014,0.467664386,0.5237303
0,74.36800721,0.179349804,0.205073055,0.240786123,81.3073313,15.90058687,16.77764623,3.691019787,18.43607306,4.013888889,5.090208091,-0.48527773,14.27012776,3.367544452,0.012417091,0.000207303,449.5608974,9.250866281,203.3110407,0.255687831,0.183108974,1.38083282,0.560747945,0.54422557
1,68.61312461,0.160207888,0.215954274,0.252942773,88.39071017,13.08348064,14.79144562,1.633203844,12.66669393,3.296736842,4.821986861,-0.1883976,15.6036659,5.472385852,0.013759187,0.000236998,392.0663736,14.70145865,83.87548507,0.203411311,0.189274286,1.07410023,0.509896199,0.536965549
1,68.73336616,0.160364711,0.221047698,0.262160506,87.5181797,8.636616086,9.747707309,0.171428571,5.039948288,2.394466667,4.426164674,-0.321948949,15.30348167,4.783361773,0.013065481,0.000231951,401.4788811,12.93626029,106.0423166,0.230706667,0.179019301,1.287744773,0.535125872,0.51968515
1,70.84802911,0.171969475,0.21424256,0.257237265,85.19049389,13.14031137,14.49003761,2.047484909,11.51241137,3.026285714,4.837940156,-0.43273921,16.05891252,3.523399431,0.013971336,0.000246859,370.7938461,9.281574826,48.90085271,0.196725715,0.171504615,1.1470046,0.541378101,0.530094869
1,71.94375058,0.158177307,0.228610956,0.268273432,83.7115438,9.909898375,10.32104531,0,6.091962593,3.02659391,4.586243413,-0.436539503,16.26491141,4.419211446,0.014232988,0.000261056,374.1056277,11.3230009,77.98012163,0.198231385,0.17349645,1.144278784,0.528639937,0.53784746
0,77.79919056,0.140024262,0.264008642,0.289496903,77.60804157,9.013741102,10.30213697,0.406504065,5.091900557,2.683481789,4.645466632,-0.31673338,16.00031677,5.146734676,0.014917329,0.000279545,381.6174603,14.45521546,78.72127812,0.181950505,0.199798413,0.931741575,0.475864401,0.494584692
1,90.16993689,0.11021085,0.325478874,0.341673171,66.63398537,5.479379327,7.181148272,0,0.275862069,1.917174577,4.143496976,-0.10380085,12.3475982,5.622388673,0.009677582,0.000157353,509.5922051,13.61522577,143.9234958,0.212139013,0.291163487,0.781532335,0.445566124,0.543020795
1,92.57712959,0.118121129,0.316106286,0.338200975,65.00113345,7.238486408,8.765894485,0,4.254239449,2.223531092,4.267864091,-0.204795822,11.7476691,7.42785824,0.009822111,0.000154052,540.9851429,18.39748869,198.0760281,0.255220243,0.274367619,0.942628412,0.498771809,0.540615862
1,96.99034943,0.122317371,0.305370305,0.335319662,62.00476218,6.44080772,8.324603976,0,2.989907759,1.932923077,4.208818971,-0.215677263,12.92635528,4.251787378,0.012059986,0.000221122,480.1504273,11.69989999,182.515743,0.251268416,0.223244581,1.139593492,0.537640199,0.479852739
1,96.53685128,0.117831473,0.287218549,0.323682486,62.24429428,5.627268388,7.364382946,0,1.427306169,1.796912129,4.105157229,-0.263384062,16.64027424,4.513708689,0.011391106,0.000208375,374.2364545,9.92727412,98.86597092,0.182089251,0.189515182,0.981812773,0.493093067,0.518642354
0,94.94016089,0.104096639,0.293979168,0.328776276,63.29032258,7.202929122,8.099919484,0,2.150537634,2.513513514,4.455871747,-0.3524107,17.0604923,7.077318917,0.009592205,0.000184243,358.5714286,12.42781847,108.7146642,0.1924,0.160928571,1.195561474,0.535870421,0.564526845
1,86.60688139,0.090155819,0.292632443,0.325827727,69.48631142,8.241280599,10.26839967,0,8.30686982,1.987152815,4.255075118,-0.295970089,17.61186363,4.571286129,0.01214208,0.000243379,346.1277143,8.907684511,110.3332869,0.178557706,0.167317428,1.072179288,0.516732111,0.480000165
1,85.34802126,0.090788106,0.283130343,0.319957707,70.45182822,7.233105125,8.615735904,0,2.285714286,2.207115818,4.309932355,-0.346424952,14.46548818,4.227206928,0.010550896,0.000196515,439.2671429,8.653726535,129.1411038,0.213095297,0.232136593,0.951701952,0.493479179,0.505942368
1,83.18951966,0.087797718,0.293464434,0.323857795,72.35703199,8.121807701,10.69771123,0,5.734261624,2.266727273,4.560322488,-0.230966863,15.24427616,5.132876164,0.011324359,0.000210547,406.2131429,11.44762758,143.9716378,0.204383273,0.199484953,1.022207051,0.511686001,0.480277293
1,84.33139452,0.08511344,0.312314556,0.335044495,71.37514579,7.483465448,9.68697262,0,4.95566074,2.335837536,4.445313545,-0.242689227,16.94548414,2.995918883,0.013775521,0.000270556,374.9203982,7.34255975,79.71771291,0.191574959,0.180351258,1.057191216,0.5195968,0.49225981
0,77.06876762,0.114656845,0.249555564,0.288817104,78.3284728,9.614708011,9.622922146,0,4.404076936,2.983660131,4.631648824,-0.287380232,19.15589682,2.298361165,0.015773616,0.000317596,319.5200268,5.603998435,34.11777403,0.158767892,0.1595455,0.998903978,0.49564231,0.48658881
1,67.27897569,0.207927324,0.18271015,0.239765555,89.48900588,8.113094423,9.313738755,0.179104478,2.487613879,2.429230769,4.443519479,-0.404266978,12.77395477,3.593169032,0.011968003,0.000195638,491.4150303,10.07039266,134.0631244,0.233007273,0.249941455,0.956048912,0.493978758,0.490258948
1,64.9897759,0.208077202,0.173450099,0.230587238,92.64031618,8.739071933,9.072621551,0.352941176,3.270588236,2.842435242,4.550993779,-0.456656145,12.29451426,2.700140266,0.01136053,0.000181711,511.2089091,7.539439931,174.1341222,0.224055758,0.281408364,0.825825257,0.457263346,0.497196667
1,70.37250948,0.205394466,0.183872416,0.236907809,85.91795754,16.19949641,17.61542251,1.326708075,18.54892,2.642536946,4.831978589,-0.428426142,13.04162388,1.769559925,0.010943026,0.000174347,471.9769697,4.321967696,145.8777268,0.257968727,0.210403879,1.241132418,0.547951552,0.494728867
1,69.53996862,0.20657449,0.183137354,0.237518931,86.93643512,14.86086325,17.61823141,2.003817231,16.84257563,2.581091954,4.6800341,-0.405142408,12.57223969,2.437969298,0.010986428,0.000170509,488.0852525,6.384100751,101.5242129,0.249400364,0.236318061,1.059504856,0.513687128,0.534778011
0,70.63751412,0.198251746,0.190761907,0.237152846,86.03913588,11.92598056,13.603171,1.399084008,9.58778293,2.466361417,4.561497484,-0.404141985,10.91130966,5.947745615,0.009132596,0.000144514,562.5666667,13.88130637,173.6541629,0.280148148,0.285433333,1.020099506,0.507596986,0.501611416
1,74.032385,0.167881775,0.202954306,0.226442597,81.21417346,6.820894007,7.503041234,0,1.877134321,2.20181029,4.248889979,-0.490268615,14.42217915,6.271161098,0.011937503,0.000212165,426.26,15.7692681,122.4398355,0.223198564,0.198016191,1.131810464,0.530022077,0.49073627
1,69.38814054,0.157809592,0.20679496,0.225604747,88.5819224,32.3726582,33.5970189,1.777777778,6.381467182,2.317257143,4.399099731,-0.622973817,10.91446004,7.655345904,0.010203831,0.000174338,584.3131429,21.03262859,168.919167,0.337767333,0.228725905,1.460185043,0.595920459,0.486488794
1,75.40020505,0.170067114,0.186360705,0.21977571,79.68123005,7.131335225,8.019360009,0,2.478685446,2.210864391,4.322647197,-0.645919515,13.30307342,9.595190315,0.009916144,0.000159281,467.8836364,21.99408041,126.9689911,0.238607179,0.23102303,1.033764606,0.503120204,0.502410086
1,60.57926403,0.15897163,0.16038543,0.18081806,106.9893689,42.77548059,41.85691048,12.27906977,18.20332226,2.314985738,4.406656186,-0.346601128,13.32203652,6.093238807,0.00943463,0.000159354,453.3449231,12.01898425,130.1005372,0.231348811,0.215317077,1.073007891,0.507940578,0.498635549
0,47.94853476,0.18630707,0.10115781,0.111401168,148.0124994,77.5837537,96.67262052,46.07205056,61.51614669,6.388888889,4.922781025,-0.328645709,8.678289252,6.137449557,0.007301401,9.70E-05,766.0666667,15.64926087,308.3092159,0.401222222,0.369066667,1.104081319,0.52744254,0.450109785
1,78.07239876,0.231483186,0.230683016,0.252612429,77.17259623,11.84971243,11.92013441,0.615384615,7.497001706,3.557349897,4.939201255,-0.421526599,11.37923078,8.131441434,0.009496121,0.000135847,559.6290476,22.75172808,155.0981774,0.299695238,0.268355,1.132687137,0.513302415,0.496056681
1,75.27786559,0.228214677,0.207997238,0.244482661,79.90526468,9.361129997,10.11710799,0,3.144087245,2.747793779,4.76970719,-0.204765988,12.32845608,7.521555962,0.010177527,0.000150677,518.1448831,18.96206353,154.6465607,0.260127374,0.24828639,1.055734324,0.501675313,0.5817979
1,79.24633186,0.235657561,0.213791411,0.243178945,76.04146698,12.1633216,12.71138065,0,10.66023916,2.788779221,4.713079063,-0.298943517,14.7291743,7.003248244,0.010952795,0.00018487,420.4754056,15.65631198,91.55007941,0.211342251,0.209549951,1.015170498,0.500986919,0.508837244
1,77.19585852,0.233366713,0.203272616,0.24137005,77.94333428,10.41224385,9.814690682,0,3.029530583,3.138067766,4.950978223,-0.238970609,13.25263496,5.905867689,0.010186602,0.00015239,456.662,13.36769252,134.9492849,0.234269539,0.222108,1.089792544,0.513311975,0.510166614
0,76.34859393,0.21064975,0.198087299,0.235091809,78.88007704,12.78246962,11.0624692,0,7.662453353,3.396481481,4.962933877,-0.320268235,9.709465745,5.880766567,0.008958185,0.000136095,636.6388889,15.31683174,268.7238143,0.347079365,0.271263889,1.290897183,0.552285709,0.493972625
1,75.76370888,0.096831752,0.223756922,0.262706897,79.82865279,9.468286013,9.883224328,0,3.201813759,3.048195951,4.782747133,-0.225735845,11.3785156,10.65255382,0.009642426,0.000152503,547.2548889,25.33484746,204.204343,0.288546667,0.245654778,1.186391662,0.546295785,0.520701587
1,72.55088467,0.094262911,0.228395406,0.262986675,82.93643824,10.61184234,10.87111325,0,6.023599377,3.595215311,4.845601374,-0.326501794,10.83336641,9.874276617,0.0085051,0.000132911,579.3914286,24.82035697,230.6547176,0.286244667,0.303022857,1.045190377,0.486009161,0.462968334
1,75.26991911,0.09469468,0.235408349,0.265954106,80.2264556,11.15056296,14.23748242,0.856216216,14.20602317,3.705828877,4.881948014,-0.36099804,13.69687067,10.11041577,0.008770071,0.00014402,464.5942857,23.72168027,192.2928005,0.264518022,0.217777143,1.20705177,0.495371915,0.496189153
1,72.85234547,0.091142424,0.223109223,0.259591964,83.00873007,13.6856102,15.63743508,1.165714286,17.18379531,3.732906602,4.917901386,-0.384466004,14.49694079,5.492160511,0.010234817,0.000175533,430.713,11.04876285,109.7903542,0.224016104,0.212177846,1.051150665,0.512607708,0.521866637
0,68.47681085,0.106518709,0.198341711,0.23529191,88.28485577,15.3280069,17.79126065,2.083333333,20.93292125,3.749721293,5.066742215,-0.238851536,13.37539647,7.40072989,0.009621286,0.00014592,464.1287879,20.46646101,84.46234728,0.226517704,0.232631313,1.002317884,0.509524643,0.566056384
1,64.34574397,0.166676474,0.135785856,0.170221825,94.83977659,25.95643338,32.85906022,11.63412654,41.22310156,5.263076923,5.270228065,-0.311480664,11.87362825,11.94816841,0.010357485,0.00014258,513.0030303,32.84237681,135.3265631,0.248945333,0.266130303,0.9430161,0.473316969,0.492382068
1,67.68363112,0.164722575,0.147906895,0.181405354,89.93484104,24.85313287,31.12792871,11.44666832,40.92666345,5.583776224,5.360622201,-0.31436328,11.4713282,14.08054194,0.010530687,0.000146,548.3314286,39.71696933,131.4991855,0.249642182,0.307798476,0.82911793,0.444089517,0.563395578
1,65.38303066,0.166804664,0.137277062,0.168824783,92.88243271,18.39701738,23.58154607,4.231263849,35.05298159,4.732857143,5.210874512,-0.297069049,11.56733854,17.66776701,0.009870662,0.000133497,527.5012121,43.74008915,135.5778624,0.243278666,0.280139394,0.868580722,0.465403969,0.500026213
1,52.16131851,0.162858849,0.118905298,0.14078031,129.9268337,61.4683167,45.79617049,15.34715298,44.97434599,5.71944056,4.993227866,-0.479603437,9.941392816,12.08950174,0.008839315,0.000120951,606.1485714,30.97896699,222.6209874,0.31952,0.294777143,1.123287448,0.509216621,0.45521995
0,42.19873307,0.166817238,0.095350877,0.108284551,175.3231523,78.16713187,105.5920237,54.82789519,61.75689037,5.129310345,4.575880792,-0.34699561,10.53113993,6.023975599,0.009058224,0.000121918,643.3555556,18.7606137,78.81268309,0.330911111,0.297592593,1.094123228,0.526836789,0.45686999
1,78.20312349,0.121469216,0.232653067,0.284830423,76.76949892,5.090450633,5.5295134,0,0.990500727,1.768576527,4.015848365,-0.386001745,14.89771267,15.6837304,0.013486455,0.00022596,407.5882051,42.21178205,71.77504531,0.204217011,0.199321026,1.024214343,0.506511825,0.529436143
1,73.64257197,0.121248676,0.218021377,0.270291005,81.57126652,9.259721055,8.258097897,0,5.704042715,2.88295615,4.553604115,-0.398321156,16.85512865,12.14384427,0.01470033,0.000267398,358.878022,32.21392527,42.81619697,0.175741571,0.179147956,0.982868478,0.499880336,0.52557928
1,73.0226183,0.121046165,0.210228219,0.258586795,82.32023601,9.67526196,7.170026098,0,3.365066559,3.334908425,4.76505588,-0.380809666,14.67463998,13.28987935,0.013492588,0.000229637,419.5213986,36.33800798,83.34684746,0.206694881,0.209934713,0.99156772,0.495569233,0.525326767
1,62.3514623,0.126931247,0.173276277,0.20314048,102.3177619,42.1184438,52.2980453,16,24.95714286,3.481823776,4.891246247,-0.477980493,12.94963222,11.05419786,0.011598104,0.0001958,427.2789744,33.70302132,153.5218428,0.209169714,0.21956,0.987112256,0.5040719,0.541407214
0,44.75570632,0.142471066,0.104794723,0.114385631,169.9191426,99.05268761,131.0573745,49.97625831,68.04639805,7.465277778,4.812420074,-0.240262298,10.3508019,4.50966107,0.007608943,8.86E-05,628.5952381,10.45824185,135.5003543,0.358440476,0.280301587,1.282161241,0.54249366,0.464512637
1,85.14658982,0.181022143,0.225041481,0.248439441,70.8906205,13.56526019,17.19652167,0.867469879,24.63055583,3.191570881,4.971509179,-0.191091924,8.683691829,4.370092913,0.009329473,0.000142248,733.275,13.31796659,293.7309425,0.351913333,0.379708714,0.961876069,0.488131011,0.421355238
1,85.00807328,0.175141128,0.233122788,0.257210126,71.10935321,14.35865813,17.42228478,0.88166215,22.36276587,2.930993464,5.001512086,-0.434801465,11.07094249,4.959032954,0.009291174,0.000140118,616.0857143,13.90351803,159.6968204,0.355513333,0.261331429,1.399154908,0.555657761,0.509060784
1,78.21926574,0.154977606,0.222465776,0.245367324,77.91044169,19.79504409,25.85010626,6.648064628,35.66620102,4.203311688,5.09321351,-0.254662012,11.45983833,5.112713377,0.009209986,0.00014149,547.0497143,12.00840183,163.3535783,0.255500808,0.283018857,0.91342426,0.491361358,0.446083897
1,67.06050143,0.170848781,0.171796435,0.18921409,95.0716537,45.88061411,46.3243337,16.55831071,44.9706184,4.795665635,5.145646674,-0.388544135,12.01117106,4.27152371,0.009052449,0.000142361,513.8027013,10.9033563,141.7430375,0.295683838,0.242869143,1.212210512,0.521390075,0.494953178
0,55.53294384,0.195724949,0.131648897,0.13479895,138.902945,73.79502258,94.41456853,46.70571413,59.8429852,9.333333333,5.034891596,-0.261377682,9.317229323,6.125167473,0.008014002,0.000113133,670.3936508,15.43171158,227.5374059,0.331597222,0.345204762,1.075409207,0.517219872,0.554082793
1,79.36771513,0.246681289,0.233889461,0.234932419,77.22861699,24.03299767,23.47171671,4.918684944,29.86674297,5.196727273,5.465036981,-0.495348627,10.96381601,11.24364365,0.008782643,0.000129902,583.9325714,29.15705863,166.498788,0.284676364,0.306046857,0.932211283,0.494242404,0.513145552
1,78.61252585,0.225365616,0.217401904,0.21852829,77.39377382,20.54195296,26.58607278,6.776823014,38.41999858,5.211809524,5.283091773,-0.33803582,10.1519254,8.091093226,0.009790111,0.000151203,613.0209524,22.81233207,226.8419485,0.305407,0.301022857,1.020939168,0.507087629,0.448872568
1,72.74362041,0.217463908,0.198628101,0.202710068,83.59249391,21.09593973,26.45908242,5.714240291,41.2258763,5.425212121,5.346959317,-0.286025259,10.97431209,7.690713073,0.009581138,0.000139438,558.0790476,20.81760219,178.5510414,0.271741333,0.29458619,0.936690911,0.476885229,0.54433911
1,56.17615996,0.22621629,0.144317567,0.149319287,116.9727485,53.92420583,59.17670072,26.41003847,57.45413031,6.199208791,5.166597393,-0.324732347,9.681466542,5.271435694,0.008793023,0.000126119,631.0460952,14.4926505,242.4248933,0.325396364,0.300952,1.098981219,0.513413085,0.526894732
0,46.11990959,0.205962099,0.125167324,0.14335012,162.6416667,101.399536,99.45414049,39.66666667,44.5,4.325,4.452761701,-0.601725708,10.50643141,4.186806613,0.007569423,0.000113371,679.3333333,13.25992508,177.1585669,0.441857143,0.24775,1.771869995,0.576285552,0.535025392
1,90.30872713,0.227411165,0.253299015,0.287486634,66.60093888,9.598480218,7.98672493,1.11627907,1.11627907,1.814549582,4.183860742,-0.589474395,10.28150833,8.437043396,0.010137212,0.000164147,631.16,24.29693421,137.4073412,0.337633206,0.319033333,1.055610878,0.504172699,0.469923773
1,87.78251413,0.224221324,0.247509775,0.280345803,68.58695955,10.17397053,12.87161337,2.246305419,4.532019704,1.680528609,4.182382142,-0.645627442,12.76487507,5.73101166,0.010673117,0.000182848,502.2700953,14.83562488,204.104701,0.2381251,0.256550095,0.96726965,0.496654208,0.491258113
1,86.12742893,0.219522723,0.234286196,0.273387396,69.7420089,7.243879702,6.126026572,0,1.721170396,2.058465953,4.288461994,-0.548455153,16.2451177,4.389474588,0.012665952,0.000243765,396.8443636,10.59535966,139.5717654,0.213384335,0.182048061,1.16032459,0.532441697,0.519637851
1,72.10493838,0.219203791,0.191265279,0.218407784,89.61374962,42.01272401,47.52312818,17.20754717,20.2072842,2.291377555,4.515070124,-0.27905119,12.67908692,6.204579343,0.009582175,0.000158349,492.3127273,13.58101842,216.46885,0.233806476,0.252153924,0.9496302,0.490346227,0.525120407
0,49.48690002,0.258024821,0.088297976,0.098132499,132.4874892,69.671178,83.90806542,44.72246189,67.05493241,9.014814816,5.217451162,-0.218134519,7.754318897,3.993946027,0.007381586,0.000104254,840.0079365,11.11322597,317.3098864,0.451353571,0.364277778,1.406153352,0.563916755,0.519356866
1,68.99103175,0.263733915,0.145934553,0.171181989,88.04375068,23.8902732,28.08558828,8.536819702,42.24254586,5.386857143,5.297697567,-0.451371887,11.89450452,0.681566163,0.011081973,0.00019215,525.4111111,2.01167397,248.1647778,0.289898667,0.247693333,1.217536866,0.509149655,0.520688403
1,63.61783947,0.261794706,0.148176958,0.168845453,96.43674319,27.24903812,32.60886257,13.23985809,47.48069904,5.926949495,5.344609179,-0.343069378,10.76809248,0.621295645,0.010158331,0.000166102,607.6731313,1.712451741,186.6289419,0.282395714,0.318183838,0.95436691,0.462477033,0.489283439
1,66.69618411,0.232635264,0.127863645,0.14794431,93.15756819,35.81523887,45.2539569,28.41414896,62.31792463,6.669090909,5.385106258,-0.134409697,9.68405663,1.042404035,0.009398265,0.000149187,628.5780952,3.072655054,312.5156194,0.312407682,0.305407619,1.023017048,0.529509013,0.444562529
1,61.9306225,0.255664378,0.140017139,0.160368761,98.5705228,31.09870425,36.85897964,22.26696329,51.29032258,7.066222222,5.204486241,-0.319329521,10.63417982,1.535389505,0.009877311,0.000153688,569.77,4.422098874,195.5397828,0.289485333,0.28067,1.029041894,0.518517004,0.60753238
0,56.34166532,0.15917882,0.133523816,0.194448406,106.6792453,227.5891857,229.1200559,1.886792453,1.886792453,1.394736842,3.778070097,-0.46619152,10.28573723,0.814504271,0.008062055,0.000147759,563.375,1.571678048,275.9543613,0.260555556,0.314375,0.828804948,0.482218281,0.537686482
1,80.55474936,0.191528162,0.164234785,0.238085243,74.54412598,5.103613906,4.363574356,0,0,1.698631047,3.970541601,-0.779383601,15.93914465,0.982494588,0.010456504,0.00019543,401.0210909,1.835378594,151.0773424,0.174849455,0.221842649,0.823983243,0.465611101,0.556012367
1,78.42781328,0.190633291,0.160587861,0.237061264,76.61358737,5.963232374,5.34963183,0,0.931919261,1.946875324,4.256533115,-0.501665694,17.35228544,1.448212765,0.011046594,0.000208996,359.4818039,2.521306008,80.89276109,0.175992471,0.179691843,0.985560448,0.500173924,0.506295884
1,79.58919953,0.191071682,0.164102643,0.240807681,75.44333973,6.777111335,5.36635718,0,0,2.016547324,4.131418711,-0.267759467,18.38405622,1.33825399,0.013496442,0.000260642,331.0018319,2.973473915,57.0962151,0.162157039,0.165862706,0.978311442,0.498458039,0.497970512
1,63.64183098,0.196722078,0.121389139,0.173811994,104.1720486,49.18446221,46.14991642,11.1627907,12.98042936,2.016810631,4.385565586,-0.484799649,15.42795232,0.966934378,0.011991167,0.000237063,413.2845714,2.077350264,148.3431936,0.203925182,0.213404571,0.958153757,0.492581253,0.500763692
0,43.07646762,0.159780337,0.080348753,0.089613394,174.9677656,90.78768091,97.99297559,32.12454213,43.71794872,3.672222222,4.242679182,-0.67710752,13.77300565,0.652246394,0.008693996,0.000143129,485.712963,2.043009158,191.994567,0.214754902,0.263222222,0.841016126,0.478291315,0.484369843
1,80.41927239,0.123556468,0.244537209,0.249519104,75.26013894,16.09962076,20.41116896,3.092907093,25.69508087,3.022599078,5.044794045,-0.36573934,13.60108545,1.198871523,0.010660794,0.000174851,467.4323809,3.087506393,155.365006,0.242144,0.225185628,1.067585431,0.517810409,0.520100872
1,77.49705241,0.124314771,0.229618946,0.230635455,78.17395131,17.19440367,22.72557439,5.285850991,26.46892055,3.408110145,5.053776472,-0.372834803,11.66615789,1.036204808,0.010316636,0.00016024,518.865,2.849554289,158.4561075,0.309786667,0.210526667,1.473651898,0.586682477,0.523634983
1,77.50743244,0.127352226,0.216492291,0.216567023,77.98230352,14.40954808,16.62700426,1.55324932,21.53241345,3.385462098,5.069858235,-0.345549739,12.2339295,1.296435438,0.010441339,0.000176907,509.2193333,3.170782934,158.8865334,0.293264243,0.21578,1.373171828,0.569474628,0.50530348
1,63.42947808,0.119724083,0.15869828,0.162094629,103.4368467,49.20362565,54.45687493,17.74891775,40.31239462,4.36720773,4.99340557,-0.18765524,11.62975742,1.399472751,0.010532419,0.000179051,551.9452468,3.876257394,282.6339337,0.312232727,0.24145974,1.309980932,0.524908168,0.435811607
0,52.96541424,0.147686749,0.110869268,0.117633906,138.3923242,74.09992561,91.50230412,49.16419967,60.52555465,7.797979798,4.866039614,-0.528690869,10.76247264,1.511953181,0.008549286,0.000119877,623.8412699,4.742788775,208.6940757,0.308244048,0.310174603,1.026786041,0.505324229,0.551760094
1,104.9697224,0.208016493,0.278654445,0.290824879,57.24793109,5.785769648,4.713475163,0,1.140954495,1.981856797,4.18786366,-0.612505402,14.209647,4.364037989,0.009524423,0.000161139,443.2722424,8.829791769,156.2049467,0.215831879,0.218061818,0.991896892,0.521040792,0.51021779
1,96.9862121,0.19203754,0.239710943,0.268571296,61.89465828,6.11521553,4.39937674,0,0.333333333,2.252973082,4.305951832,-0.325000935,11.65996043,4.951581386,0.009084007,0.000150688,557.71,11.45475662,297.03974,0.282098182,0.259744,1.090856416,0.531804346,0.446972016
1,96.7403247,0.191499239,0.237173552,0.271220526,62.10489357,5.200510568,4.457855388,0,0.516129032,1.748702821,4.078041165,-0.710005528,12.49027596,5.385565928,0.008873542,0.000143341,507.052,12.05820496,186.8568543,0.250003636,0.274297333,0.92295053,0.461522594,0.485268469
1,75.88132501,0.182848772,0.177610769,0.205808578,84.58104855,39.44191872,30.13627691,12.85714286,18.33684211,2.692162149,4.406447588,-0.682731257,12.92215683,5.955507,0.008223812,0.000130496,525.0081319,13.21208877,262.6667381,0.250825159,0.270585275,0.917580906,0.480393068,0.486642114
0,47.61306479,0.203420684,0.089068458,0.098415839,140.3438002,65.56430853,85.45696203,45.70696245,66.0883971,8.240740741,5.08756994,-0.256634402,8.816781447,4.229700237,0.007093806,9.01E-05,686.4396825,9.305744241,234.895275,0.324936508,0.371942857,0.878207275,0.474465996,0.429240911
1,70.31868672,0.224115022,0.170037584,0.193377109,86.06410887,19.27190311,23.85605633,4.293239684,32.38296504,4.300239316,5.201122678,-0.191256723,10.59501393,14.50582566,0.007809967,9.93E-05,610.4674286,37.06704137,159.3772899,0.319435,0.303281143,1.097019195,0.489574406,0.52275408
1,69.42860283,0.217677763,0.176105121,0.197707738,87.21169158,18.88239082,22.48650115,4.812793177,29.66582472,4.743909774,5.241519243,-0.311288051,9.007393517,11.22985014,0.007744961,9.84E-05,685.4933333,31.84224831,183.3030578,0.301074286,0.39922,0.78209482,0.40504633,0.422715296
1,66.56058004,0.216386673,0.167353514,0.187890369,90.96628901,18.21418846,23.36945539,3.514383656,36.41703395,4.947296703,5.151219605,-0.389880992,7.250792847,12.00837229,0.007350368,8.75E-05,845.588,34.289321,271.980861,0.44117219,0.406344,1.092045533,0.490438201,0.441731212
1,52.89782842,0.199630418,0.131064833,0.146603527,131.3676018,62.47654304,52.63602065,24.19470828,52.50605806,6.224509804,5.03154329,-0.484060273,10.59318631,9.096227136,0.006607351,8.00E-05,624.648,25.69653231,160.9450253,0.505317143,0.34516,1.466470877,0.244800948,0.248148746
0,56.07139935,0.219560714,0.094878997,0.105470932,117.2755961,68.19827906,80.28957466,34.34687006,53.19349962,4.18872549,4.807130939,-0.286602565,10.51245654,2.065833738,0.009751874,0.000147966,602.8388889,5.518755988,193.2446506,0.345075092,0.2535,1.344939616,0.560193386,0.503232911
1,88.41568777,0.201106228,0.228682962,0.267529266,68.00766877,7.127695934,7.93533707,0.179775281,3.704989181,1.993100159,4.441789239,-0.322869386,17.36593021,2.870071523,0.015061271,0.000285221,353.8286014,7.396289003,74.43513871,0.1832386,0.167765874,1.088637116,0.512987625,0.518229804
1,88.36416615,0.207354413,0.216933247,0.254422859,68.0851342,7.574487582,8.960433432,0.266666667,2.955844156,2.016261999,4.476710404,-0.399777117,15.98406737,3.567684304,0.013874117,0.000245992,382.4691209,9.247392407,84.77977713,0.198095912,0.179735604,1.104187751,0.525410786,0.525699969
1,82.75328678,0.203625975,0.216906523,0.256707311,72.71103029,8.608600775,7.586064908,0.390243902,1.621013133,2.173999189,4.501378557,-0.398946262,17.16785052,2.933792013,0.014750021,0.000266961,354.5647143,7.639067082,58.62966447,0.185351549,0.165719786,1.118128673,0.525911207,0.516345359
1,68.79619827,0.209521441,0.173121855,0.202513076,95.64101271,47.25066292,42.00479509,13,20.87460955,2.785428571,4.694131037,-0.359537183,14.02312522,2.500035286,0.013339063,0.000233187,438.4834872,7.013306479,85.65533505,0.229798,0.204668718,1.111373865,0.52756628,0.477165105
0,40.02602837,0.218369775,0.089791137,0.096805887,165.0075374,77.20687984,101.2954646,58.02861441,79.9230911,8.736111111,4.932865202,-0.277150077,9.901612132,2.934079162,0.008335747,0.000107739,619.3055556,8.230636185,155.6831849,0.332465609,0.306222222,1.070876644,0.509324595,0.541296565
1,62.71267529,0.204405716,0.155545212,0.170217862,98.08598179,29.4360615,36.36258545,15.74646962,54.34064786,6.92,5.354552486,-0.293417301,11.07246873,6.872206009,0.008266585,0.000126554,554.827,19.26356216,177.8469124,0.278557691,0.273635,1.016851962,0.509826006,0.530771509
1,58.92776554,0.201723412,0.149388682,0.170932041,103.2548394,27.64958336,32.71334007,11.35302239,48.13446753,6.756,5.375659778,-0.285129484,9.631192018,5.033492522,0.008377293,0.000119956,736.8085714,15.45087117,435.8734218,0.366598762,0.362717143,1.049328106,0.513182161,0.606553249
1,58.2164393,0.199681188,0.156331021,0.17774426,104.8945225,27.43462013,32.2023528,12.87264053,46.86698999,5.581090909,5.255884676,-0.296330544,10.3544518,9.281271372,0.008918137,0.000129177,586.712381,23.79728496,223.3281459,0.320998286,0.274001905,1.181821056,0.521905206,0.606742178
1,48.34380605,0.216633012,0.105749785,0.122620686,139.5423626,79.04841179,84.0986392,37.27421584,67.5237994,9.137142857,5.129825537,-0.475115083,9.931737978,8.265003095,0.008026208,0.00011523,607.48,22.05640067,195.0317526,0.322450095,0.316548,1.016343311,0.480480167,0.51631479
0,53.3714448,0.241345209,0.090208545,0.104475314,143.5735502,90.46858048,110.9765538,51.39848842,58.473392,6.328070175,4.624032655,-0.180424317,10.30472909,3.749948364,0.00792901,0.000107526,647.1414141,7.947036862,195.2072419,0.316377778,0.322239899,1.139904447,0.515130138,0.472104668
1,106.6791894,0.178847836,0.239386317,0.292876072,56.30576048,4.355367033,4.479265213,0,0.263092929,1.698457494,3.624647169,-0.57868092,13.43022005,1.483374393,0.009491762,0.000146305,461.5624242,3.059804666,106.7849436,0.228209333,0.245529939,0.948936801,0.472466233,0.469290654
1,104.3343398,0.183667366,0.226799781,0.28313488,57.54721952,4.913172086,4.933111652,0,0.310679612,1.614027907,3.832723067,-0.616976346,13.34652771,2.675287759,0.009932602,0.000147474,464.552,5.240619199,79.90155796,0.23309035,0.225186546,1.025285864,0.513728429,0.490386936
1,100.8324648,0.181939218,0.217755828,0.276754109,59.53257036,4.7837182,4.83944346,0,0.401616162,1.326695495,3.67734062,-0.703086256,14.21774444,3.126928955,0.010493346,0.000160821,428.6533333,6.8746224,88.19486616,0.220289641,0.205774545,1.073720028,0.505753264,0.484674629
1,82.86391809,0.18178111,0.18095268,0.220599408,77.5780075,36.88564537,29.53353247,12.53379311,15.01655172,2.193553167,4.261945571,-0.55669642,12.04072612,3.289671122,0.009169658,0.000148243,533.4596969,7.511336873,136.6365346,0.273444615,0.269107879,1.025894473,0.502625396,0.499287466
0,54.7780023,0.201475058,0.092989521,0.106936785,121.4304681,49.87906517,58.79251843,30.90157827,55.75425049,7.154545455,5.174602553,-0.365754361,10.19661967,0.96762548,0.008411438,0.000128081,629.4821429,2.638526643,270.1521099,0.349467593,0.285805952,1.250905718,0.513530106,0.559101629
1,82.30719035,0.193749447,0.172297034,0.204966005,73.397017,11.41509842,13.98185366,0,15.65175712,2.952888392,4.881539446,-0.284291826,13.55648571,3.320522598,0.010961317,0.00018517,471.481697,7.97520808,205.9739333,0.240877203,0.221662303,1.090949641,0.516960538,0.50549175
1,77.22051508,0.189590431,0.166995451,0.198163784,78.20752625,12.90655936,15.76899261,0.666666667,21.68730616,2.896432432,4.900459795,-0.140310271,10.6490476,4.687331008,0.009301504,0.000142754,583.784,12.60186153,160.9663572,0.300142684,0.280470857,1.075868941,0.547335179,0.515387926
1,77.24542318,0.185898869,0.173644264,0.203388083,77.96286531,12.25301118,15.85177393,0,17.64232119,3.173237267,4.848516787,-0.278569404,12.7483633,4.166200624,0.010418998,0.000178435,498.6922424,9.051647503,168.0878993,0.202048485,0.290936364,0.736467988,0.428020579,0.552583924
1,66.73171612,0.196823083,0.14081192,0.159791202,96.68459775,43.97278357,50.69152893,17.83018393,36.38946573,3.734090909,5.078808704,-0.602384445,10.90001909,4.618947553,0.008817198,0.00013921,581.5733333,12.00007729,139.8460442,0.285514,0.291187937,0.987590282,0.503476377,0.528704791
0,46.37373863,0.188091673,0.088305871,0.103749884,149.9169762,76.40510049,97.22334307,51.54936462,62.04789834,9.478494624,4.811606327,-0.539146052,9.762906807,1.536659116,0.009151688,0.000124857,652.9777778,4.289641695,119.6435474,0.343718254,0.298524242,1.163784516,0.540890731,0.499036318
1,78.34908941,0.155576035,0.225133661,0.268033271,76.6185886,5.385664495,5.300657269,0,1.246753247,1.720791005,3.904516612,-0.523817513,11.87044589,4.914636013,0.008931083,0.000132106,518.6488889,11.78716485,169.1777648,0.261401,0.271114286,0.965442034,0.490800151,0.50752727
1,77.499893,0.155918421,0.211152596,0.261688721,77.47702565,4.929904756,4.882917167,0,0.311688312,2.125958598,3.971161699,-0.381005244,11.36296035,3.506950489,0.010870927,0.000171044,540.8293333,10.32189259,178.4991908,0.261918818,0.285258159,0.939638805,0.473324334,0.520856536
1,74.15318335,0.15391708,0.226143798,0.263146478,80.96925333,5.386284885,5.592258476,0,0.657534247,1.991689685,4.051222648,-0.348175405,13.38794747,2.927953215,0.011140492,0.000170433,450.3465455,7.377108951,67.33216454,0.230757109,0.214678182,1.078528457,0.510488529,0.515690745
1,59.03172775,0.159945582,0.164298934,0.194922209,111.3500568,48.25639067,42.36292788,12.87804878,18.54727698,2.859423645,4.525280181,-0.48369359,10.01883185,3.434193451,0.009181609,0.000134906,619.6777778,9.031500967,235.641503,0.339285957,0.280371556,1.2203809,0.548409544,0.552593648
0,45.53385455,0.174816285,0.091170786,0.103052434,154.750505,88.62860185,118.5852403,51.31313132,66.06060606,7.366666667,5.010822234,-0.187974527,8.137615691,2.358998933,0.007367014,9.18E-05,794.9126984,7.99533281,324.926829,0.43225,0.326912699,1.332623082,0.610405673,0.571781898
1,70.86520214,0.273648386,0.14739162,0.180544283,85.64897625,18.75278271,21.81839267,2.263646328,31.53116551,4.510428571,5.175720914,-0.330629003,9.983668636,5.511079192,0.008162898,0.00010562,630.52,14.57899536,144.0486284,0.317120476,0.307891428,1.03851992,0.515048028,0.471061824
1,68.68493531,0.260664084,0.150423345,0.184119423,88.21509241,19.3863458,24.31521307,5.731554677,26.52406362,4.165471779,5.153202816,-0.381008687,8.404080692,5.055208382,0.00800668,9.63E-05,724.7333333,13.81290818,182.3474908,0.359002857,0.358104,1.040014298,0.504310112,0.441692447
1,72.70904983,0.250875542,0.162214748,0.199663063,83.27459155,18.09760207,20.54156519,1.699798793,28.58913481,3.942373433,5.178230862,-0.354738265,10.09104315,4.857017573,0.008372003,0.000101421,648.5142857,12.5889008,196.311809,0.268297143,0.377588571,0.740557964,0.437404034,0.49989132
1,59.30631299,0.271778065,0.130331904,0.157929951,107.7084934,45.63428351,43.06361406,16.0079602,39.19432251,5.573172932,5.122059528,-0.391995672,8.353695289,3.885020374,0.007631675,9.49E-05,752.9228572,10.6122133,257.2448522,0.363444286,0.381132,1.005457691,0.50861685,0.48567347
0,51.18799386,0.238464053,0.084642182,0.096953192,144.5432749,64.45855397,92.42775406,46.03174603,62.66917293,8.444444444,4.6010977,-0.321048391,11.16973088,1.326254246,0.009461447,0.000136523,561.7964286,3.561156884,173.3508299,0.289031566,0.261922619,1.120857536,0.530839368,0.529542297
1,89.51174113,0.165042985,0.247662668,0.27998913,66.95841373,4.890536851,4.939858138,0,0.558139535,1.292992058,3.559110697,-0.601563382,17.43487215,1.495388561,0.014960392,0.000271504,345.6990476,3.937850606,34.0348576,0.175266,0.167950857,1.043967006,0.509711556,0.50742478
1,87.99929428,0.166581319,0.239339146,0.273686784,68.24508419,4.204350203,4.157317053,0,0.136363636,1.537037183,3.839779675,-0.435764303,15.899371,1.729997248,0.013208666,0.000228703,382.3630769,4.358953226,81.24494086,0.200865714,0.177338462,1.132747467,0.524714027,0.505881765
1,85.31439143,0.155478458,0.228849009,0.262092972,70.5624352,9.621833172,9.34185059,1.777777778,4.148148148,1.725101422,3.804359409,-0.421449139,15.5922956,1.755638938,0.012795738,0.000226691,395.6047446,4.316214369,83.84033851,0.2143595,0.174947082,1.225799688,0.544367903,0.492144246
1,72.92181965,0.157182813,0.177058071,0.201705009,86.0669218,26.6384544,24.09007808,6.307692308,14.58608059,1.991584424,4.212992374,-0.626220196,16.75283886,1.511152334,0.011793787,0.000205599,361.7621099,4.426521751,44.32525258,0.188288469,0.17292433,1.088595096,0.509215912,0.489138987
0,37.44315341,0.172716,0.086817269,0.096105623,179.7185211,80.41546852,100.6709478,49.9961041,73.50007792,8.5,4.800522859,-0.310274981,9.333725258,2.360870857,0.007334137,9.51E-05,716.8666667,7.091492091,328.6166066,0.327722222,0.3974,0.931854035,0.470539185,0.525233992
1,61.26902932,0.175982969,0.152699009,0.174308671,99.41029558,25.24792155,31.1203968,11.06865976,46.8282356,5.842030303,5.298652945,-0.319028849,8.805798966,7.318711639,0.0079019,0.000105655,683.736,20.84636025,307.7419368,0.330862857,0.356694857,0.927919924,0.482050851,0.494547974
1,59.89604418,0.154557129,0.150882482,0.175678009,101.9633355,28.02632492,33.99715369,13.58244514,43.71285266,5.491538462,5.28219331,-0.400529138,8.883393248,6.428637436,0.007860775,0.000100471,698.8733333,16.39141624,273.6797912,0.349868571,0.332993333,1.079236522,0.512129467,0.483268124
1,53.47304999,0.160523268,0.143801377,0.172954584,114.0130497,29.43569836,36.47111976,17.93966995,48.77715848,6.15959596,5.259428085,-0.354545628,7.953277742,6.571506179,0.007740987,0.000109148,833.0388571,17.65244349,289.6697109,0.440635429,0.358179429,1.220532978,0.569693012,0.553683547
1,45.13795619,0.154860777,0.113198888,0.137066531,154.6907177,72.54777136,52.08687353,20.32201681,57.99113408,5.748,4.88193758,-0.40123948,8.987896932,3.016473872,0.007653887,0.000102374,710.5315714,7.635556945,249.0468761,0.359593333,0.356683143,1.039356929,0.499846646,0.525665031
0,36.42400132,0.140281232,0.094270914,0.106745482,214.6287879,116.4266789,125.4686782,56.56565656,63.48484848,6.62962963,4.32445092,-0.354781888,9.062377615,0.82144786,0.008551953,0.000108309,703.8,2.183086661,155.1593386,0.366493939,0.333666667,1.095153845,0.509106677,0.433401422
1,80.25700183,0.091717528,0.278073126,0.306548121,74.85390597,6.55124845,6.172536449,0,1.503797468,1.898767336,4.326700153,-0.532032357,14.45881531,1.085736189,0.011962784,0.000197906,427.9393007,2.691672916,107.3704437,0.228606667,0.207699301,1.103126677,0.511588382,0.512256259
1,82.93801746,0.092423262,0.307675152,0.324242713,72.40868212,5.386245032,4.710308954,0,0,1.938516047,4.143666064,-0.235169874,13.14779414,1.718773345,0.010748637,0.000174275,466.3887252,4.326792924,145.5070308,0.23391005,0.236237319,1.019973835,0.521194342,0.53313449
1,82.78988916,0.091610906,0.313951111,0.327291603,72.50414634,5.984277038,4.981845304,0,0.585365854,2.220994355,4.277296926,-0.420088061,12.95829686,2.93963267,0.008816013,0.000138071,488.2341818,5.854090095,131.2750664,0.241656162,0.241230546,1.00875407,0.507094169,0.480535546
1,68.4421017,0.09947068,0.215216304,0.232100721,92.90678023,43.91356134,34.79478061,13.71428571,15.8180477,2.300341672,4.206031895,-0.38446292,12.00927706,2.030787594,0.010637623,0.000169478,472.212,6.124303591,97.70659358,0.24460658,0.240932727,1.034106571,0.499304038,0.547896253
0,49.50446362,0.123633103,0.119977877,0.11841558,137.0363035,75.58167989,92.70704335,50.57239057,68.73737374,7.25,5.067110537,-0.177015316,7.674502784,2.86150919,0.006776238,8.04E-05,810.8611111,9.442680079,101.3606859,0.506716667,0.411472222,1.229300151,0.480046493,0.460435184
1,85.08406171,0.136185028,0.315053038,0.299648234,70.90603526,13.34167097,14.92813651,0.142857143,16.0599713,3.399869098,5.088488917,-0.288873588,8.727207692,11.68257437,0.008415244,0.00011109,722.4366667,33.40154576,266.8999303,0.346267428,0.354923333,0.98912586,0.49210118,0.449165512
1,82.2121967,0.137952176,0.296564365,0.278673766,73.40485124,12.72397163,14.69165123,0,19.09434166,3.501112782,5.044347358,-0.307465465,8.941478952,11.9543591,0.008334571,0.000121626,691.2457143,29.70645774,208.0192365,0.373113714,0.312775714,1.1895135,0.549723919,0.503677153
1,81.04391899,0.140334781,0.28622264,0.270552539,74.35395383,14.07347689,14.79270405,0.493506494,16.97643098,3.032673993,5.040098721,-0.501507474,9.869454606,13.19422205,0.008811903,0.000116634,620.9504762,33.87910966,144.4075948,0.321779286,0.300457143,1.077808066,0.515502623,0.440960081
1,72.2675943,0.141917766,0.214340153,0.207053769,85.91665573,31.03965061,31.72476185,10.90132833,35.81459603,4.637019608,5.345308744,-0.482752591,10.7251243,10.6714384,0.007956133,0.000111498,586.6380952,27.3091429,160.8466501,0.311497619,0.277926667,1.135804877,0.524648767,0.467175966
0,58.8711839,0.16854778,0.114564835,0.122991181,109.3127543,56.39596301,69.62596616,37.75608794,59.59840941,6.767676768,5.126783041,-0.319866937,12.10292219,3.487607707,0.008664067,0.000137867,528.1984127,7.518518744,173.9941762,0.277846795,0.247269841,1.144104764,0.528027213,0.504029272
1,86.84407604,0.19271297,0.25263451,0.272317234,69.25595404,7.453336954,6.915579846,0,2.461538462,2.517502722,4.446744564,-0.509584907,12.9054766,5.555541504,0.010705476,0.000173863,494.9762857,14.70440303,186.8758956,0.258216876,0.225963143,1.150559791,0.520303312,0.473776839
1,83.36920945,0.195334238,0.252718807,0.266136205,72.27657143,15.85674888,14.43588543,1.771428571,9.085714287,3.46034073,4.932659608,-0.408776017,11.50684085,5.861992809,0.009872985,0.000158326,535.2424615,14.26869086,156.4606349,0.25321645,0.28046,0.93390177,0.472172518,0.440073115
1,82.21601804,0.191715626,0.24226019,0.258453588,73.41721192,10.93142712,9.450905676,0.631578948,3.489553979,3.017952053,4.769759772,-0.484768678,12.38497896,5.447949479,0.010793316,0.000178757,536.346,13.98318644,348.5348293,0.268265654,0.26518,1.125988045,0.516066106,0.535770997
1,69.95647287,0.19890304,0.194423317,0.205987715,93.26138776,40.60607161,41.93904561,18.24,22.63370469,3.635824176,5.002704843,-0.413122756,11.73471901,5.592873432,0.009630421,0.000159537,580.0202198,12.89203542,121.3001798,0.259370275,0.314412088,0.877280313,0.48488502,0.526727943
0,38.0821999,0.201188945,0.081783412,0.089670682,184.7568027,90.58613036,110.3016123,52.04081633,73.21428571,7.819444444,4.832207899,-0.425236984,9.467243183,5.724240253,0.007758733,0.000111389,648.925,11.94797764,223.8013764,0.337259259,0.304741667,1.10768328,0.528866981,0.462515082
1,60.52352647,0.175137268,0.144003566,0.164741223,100.6158113,28.61094651,32.35423438,11.67188321,49.23501376,5.873333333,5.33693029,-0.355701832,10.47821348,9.574912445,0.008946473,0.000122518,596.2884271,25.54089285,224.7159363,0.342052,0.2485271,1.361958683,0.573176348,0.531401017
1,64.02880861,0.164926918,0.149336321,0.167818561,95.95927728,30.49757033,39.36194909,17.61959444,48.73073593,5.72,5.376693693,-0.386728404,12.58474438,7.610228226,0.009512961,0.000141456,520.8073333,18.37255685,118.3507354,0.248110023,0.265098,0.940186117,0.484008412,0.520014041
1,62.04283009,0.176005792,0.154046593,0.170089071,98.08641013,25.25644354,31.92760443,13.14519625,49.88496088,5.022974359,5.327336794,-0.244565279,9.898381277,12.88640955,0.008853077,0.000116274,617.9819048,35.61015846,126.4853843,0.282386666,0.328918762,0.907000028,0.453412744,0.474049051
1,54.40625389,0.194248342,0.119521766,0.136338314,114.7692932,46.38362036,51.49175031,21.25701023,47.66980166,5.999272727,5.166591397,-0.407505669,10.41306946,8.896431621,0.008403123,0.000121182,595.2446667,22.07167781,163.1372765,0.27948381,0.310957333,0.921333279,0.451389993,0.489450976
0,48.15384103,0.186289174,0.090389976,0.101911234,146.0503421,85.23751172,103.0459668,43.72759857,59.67694018,9.74,4.811644276,-0.531631267,10.20923385,2.443400884,0.009431155,0.000136506,614.4021164,6.664094231,256.2620574,0.315866667,0.294600529,1.097583976,0.508626092,0.52927718
1,79.15589837,0.188937904,0.242613668,0.269016135,75.93907448,8.254081649,7.790469602,0,1.680481265,2.76152381,4.591881802,-0.419187231,14.96698146,5.212585866,0.011659959,0.00018954,408.6269231,12.23341033,90.86734417,0.210154725,0.192887949,1.090916762,0.526921472,0.53873741
1,79.64320118,0.19068427,0.253807877,0.266514015,75.44225122,8.620635908,8.893392676,0,4.621148977,2.370981277,4.535812205,-0.431516684,14.2724451,4.176686253,0.013282067,0.000226024,426.9865735,11.38322364,111.0038972,0.226406593,0.197452774,1.159254979,0.527454282,0.557008078
1,77.19737107,0.182122071,0.229031911,0.255040515,77.86131466,7.607220453,7.0458305,0,1.425716189,2.369545455,4.405790408,-0.407994586,15.84510783,4.739159388,0.013892894,0.000241408,374.6252747,12.16404246,48.80919383,0.18698189,0.184288132,1.015596309,0.50998358,0.524805005
1,57.23006211,0.177059401,0.169256323,0.19036684,117.223689,55.48638001,45.88778814,16.42105263,19.27147323,3.217987579,4.579269718,-0.495913477,14.162111,3.313466008,0.013082712,0.000228001,418.1289377,9.493206657,64.97538078,0.206651341,0.220703333,0.965396898,0.464918539,0.489442832
0,39.40992338,0.2000928,0.088220391,0.097993752,176.5297396,84.94029587,98.24546471,46.19633128,70.00299895,8.694444444,4.814465929,-0.451804937,10.39703501,2.368939418,0.00834793,0.000125475,599.0059524,6.555443757,183.1304211,0.271865741,0.334488095,0.900888452,0.466044736,0.473625446
1,60.46865582,0.159248185,0.164863994,0.194837632,100.9139366,25.94240449,32.15826023,9.24544884,46.2617372,5.177272728,5.201830305,-0.274979145,9.411853209,10.10698541,0.008160162,0.00010708,687.5459047,26.71072884,349.3222045,0.300707143,0.397147048,0.76906783,0.458486848,0.540258712
1,61.38914095,0.159053283,0.16426928,0.192845084,99.54558604,29.14381385,36.3067789,16.9347008,52.68852459,6.087555556,5.286758021,-0.16264642,9.018964932,8.266663625,0.008495863,0.000115658,671.3631111,22.73472103,238.6946958,0.353432,0.307078444,1.159586473,0.531521767,0.502937351
1,59.68180911,0.161222053,0.159613237,0.190074746,101.7550494,22.56080175,27.46159059,6.07630156,39.20983139,4.844205129,5.081981299,-0.336479935,10.68591662,7.605816601,0.009355203,0.000136281,560.2872222,20.12644401,165.3651882,0.29800419,0.262758889,1.179267128,0.533729289,0.440608558
1,48.49588964,0.15575103,0.136237859,0.159200233,136.3876432,69.97790026,84.74933222,29.75300171,55.76535163,6.081846154,5.018303144,-0.262939735,10.99446142,6.573288589,0.009873507,0.000148913,561.9991429,18.46910677,225.1041709,0.341112727,0.239298714,1.434002155,0.569594328,0.52885385
0,39.11706633,0.163884954,0.097137826,0.108596429,194.1428283,93.21238241,104.217992,49.5050505,58.93939394,5.38034188,4.429185275,-0.511927367,8.731616427,2.714169777,0.007282591,8.54E-05,795.8055556,7.50759228,261.1255671,0.433542857,0.344888889,1.290748991,0.543630398,0.565847326
1,85.98669626,0.161376693,0.200697234,0.238575815,69.858181,5.319961966,5.811976106,0,0.139534884,1.867261937,4.119637038,-0.37642172,15.44849289,1.384405627,0.013334124,0.000252471,404.5948718,3.514407794,129.1243146,0.192861758,0.206325035,0.937202542,0.497100403,0.491843043
1,83.51319798,0.152983977,0.199116804,0.237505892,71.94564976,6.946478743,7.141870931,0,1.672990063,2.423336406,4.46823131,-0.308908004,16.62395009,2.324566642,0.014168545,0.000257172,373.9649697,5.983453769,70.55882484,0.18411,0.186033454,1.000000618,0.510933455,0.506902551
1,82.70225775,0.14902417,0.195422296,0.238460543,72.64156221,6.104794525,6.960413045,0,0.634146341,2.099355547,4.20432245,-0.309113259,17.87729377,2.712916473,0.01602464,0.000302424,338.9250714,7.324481649,41.26505736,0.171268118,0.165266429,1.037099765,0.507706191,0.512263315
1,70.44009103,0.148919941,0.156046755,0.186132291,89.86420947,35.18943888,32.84009031,10.66666667,15.26111111,2.931014716,4.674317368,-0.426257357,13.14733526,2.689291468,0.011929416,0.000196886,471.2388571,7.102330418,139.907615,0.247637576,0.233884,1.063932723,0.494415296,0.484250201
0,48.64586335,0.156805376,0.09133125,0.098014842,137.4932169,79.84397988,98.29782964,53.46662452,75.29503188,5.652777778,5.162859151,-0.336170262,9.675578692,2.430094772,0.008009486,0.00010314,613.3920635,7.007421645,118.1986635,0.308138889,0.311625397,1.00029245,0.507585593,0.523358003
1,79.27942512,0.160356634,0.180770271,0.194511712,78.18333183,28.72007702,36.98571921,17.51459821,60.07158998,6.447832168,5.482259847,-0.144513878,13.465781,1.870561634,0.010700305,0.000162604,462.9638182,4.820415025,119.3839211,0.219966061,0.242209818,0.931517739,0.485885649,0.514159335
1,72.62870815,0.150176311,0.185269764,0.198916341,85.32898013,28.34698458,36.29085241,16.41198767,50.99578989,5.667636364,5.463245176,-0.349453679,11.37069024,4.148665979,0.009474659,0.000139428,532.626,10.14253918,139.6138782,0.25674497,0.283384,0.93517247,0.46582886,0.507091406
1,73.3390719,0.163741171,0.191984981,0.199384041,83.95592258,28.20231597,34.5081066,15.8534816,54.97120343,6.247552447,5.445600648,-0.131381678,12.94785023,1.79420786,0.010753846,0.000162348,477.4705714,4.619413401,110.2439057,0.215636364,0.260694,0.837588074,0.448773374,0.519953047
1,68.43561489,0.158356234,0.155546385,0.165442378,92.68352031,38.6076658,40.51145562,19.85617176,61.31688311,8.019047619,5.473321796,-0.159391746,11.64611483,1.538508135,0.010722373,0.000165273,543.1164849,4.026658431,150.9947651,0.268448485,0.266065576,1.010530508,0.501662621,0.511292972
0,45.46397148,0.173632555,0.105398719,0.116968482,155.1837068,98.55568942,112.61022,49.77124183,62.26890756,6.997076023,4.799690775,-0.536492923,10.65514132,3.426570492,0.008133725,0.000114878,556.7962963,10.16846807,159.0899634,0.345177778,0.237930556,1.450000206,0.579270176,0.512285971
1,82.66582157,0.169267294,0.237508337,0.274693891,72.99860598,12.55833179,11.61301812,0.615384615,3.86542515,2.198168575,4.336146339,-0.414191085,15.18626555,2.968683439,0.013110581,0.00020985,397.4266667,7.94605513,56.50724274,0.214166154,0.18564,1.153507564,0.528607,0.505508971
1,81.92178551,0.176886506,0.226444906,0.264462754,73.43460439,11.91209919,9.692313763,0,5.875824176,2.973363844,4.738627851,-0.461608795,13.56125455,4.461950905,0.011109942,0.000179869,457.6429091,10.71131854,153.5671818,0.226914965,0.2298,0.991626673,0.501566866,0.531841196
1,78.90025093,0.17559245,0.219873942,0.262730033,76.15162792,8.877072794,8.1021695,0,3.409004054,2.39193276,4.595522448,-0.419147306,14.45555032,5.476558226,0.01238958,0.000196816,429.7846154,14.40009335,73.24079642,0.215715751,0.210443846,1.046412164,0.510674301,0.523644671
1,64.77345288,0.168158551,0.166450439,0.19717982,98.83521235,41.10593018,45.24114286,16,27.50045261,4.430431235,4.975130761,-0.455851779,12.27914914,4.473868719,0.011326887,0.000174936,498.3478788,12.91927547,137.8574657,0.252898052,0.242209697,1.040787135,0.52372045,0.491431104
0,50.68792947,0.16551602,0.129003684,0.130809799,170.6058438,103.0981475,127.4338527,51.5503876,66.18962433,8.283950617,4.611484483,-0.295290584,9.385616877,6.165706104,0.0082942,0.000116465,703.1714286,19.63981016,210.7074644,0.382097222,0.301371429,1.261469406,0.555675003,0.495515502
1,79.78352962,0.150216604,0.259999852,0.265417411,75.85541758,17.61790632,17.93772126,2.438527479,21.99461016,4.493734266,5.196728917,-0.326860227,9.651743307,13.58535358,0.008486879,0.000121196,629.66,35.74335962,202.8435731,0.342479048,0.282131428,1.224474359,0.542089282,0.51782381
1,74.64103633,0.143584301,0.198985241,0.220730374,81.36367214,18.42158915,22.2584214,3.568386253,27.76349909,4.814476191,5.259457938,-0.301721317,10.68899169,11.33010873,0.008765404,0.000123511,564.1914286,30.95144324,163.0813744,0.268948381,0.308235714,0.885729227,0.468082105,0.555707436
1,72.02511686,0.151715679,0.184029255,0.2081432,83.99953846,18.51937945,22.69141776,2.974051719,33.8438125,4.478285714,5.267242622,-0.269566141,11.8649335,7.621222119,0.008886048,0.00012818,555.1931429,19.06608057,176.1437663,0.284691623,0.268705143,1.056305747,0.507952814,0.485948398
1,59.6801868,0.140515793,0.140385468,0.157366935,106.2434661,42.4557748,47.94983405,21.44266672,53.95947566,7.108483516,5.342677215,-0.273320635,10.21063701,5.335848844,0.008635101,0.000134037,555.681,15.35281115,186.688139,0.451582222,0.264347,1.775042697,0.526260572,0.454051732
0,42.36863226,0.158670497,0.087743872,0.098256526,157.3317922,88.37347687,109.2196768,56.55451575,71.2065508,9.078787879,5.043869255,-0.359840362,8.169914121,3.969280842,0.006973739,8.35E-05,789.7833333,10.89357528,406.7837146,0.331797222,0.44017619,0.77204953,0.473271353,0.416086426
1,63.2352286,0.182970874,0.157849672,0.181373124,95.9558483,23.11437132,28.6974443,7.706973331,42.5070712,5.38963925,5.33359862,-0.355707429,10.25471864,6.703091846,0.008144175,0.000108534,599.9292857,16.44705844,157.5117094,0.273106667,0.319623571,0.851029686,0.476814421,0.487094468
1,61.83174578,0.180275428,0.154765607,0.180806574,98.52885994,26.85508722,33.66902722,13.37198929,50.15307761,6.344,5.339932447,-0.268173913,9.247326793,4.319571946,0.00780048,0.000104683,640.2247619,10.79642319,183.8234787,0.315726429,0.329481905,0.965295258,0.480726289,0.504672418
1,61.1545285,0.181926066,0.153441874,0.178161854,99.73793103,31.05763468,33.52323178,11.61524501,53.14990926,7.006111111,5.400780262,-0.293855708,7.500923003,3.651983026,0.008181919,0.000114309,818.187,11.3444671,212.9477323,0.413349333,0.372763,1.147643325,0.54093317,0.55808163
1,55.40299302,0.170809061,0.118305218,0.133417018,115.6489757,57.25752979,62.28825507,26.84902412,60.59098249,8.244,5.244728862,-0.241136347,9.023053707,4.248588127,0.007031628,8.96E-05,677.368,12.95218128,217.969372,0.479431048,0.361576,1.452758419,0.422360676,0.461560862
0,46.10931076,0.188884147,0.083031272,0.09425773,146.8408443,89.67770784,125.7154528,52.50582751,69.34084434,8.592592593,5.049880625,-0.387991105,6.933899228,3.392759728,0.006754575,8.31E-05,909.5,9.979562394,323.8124706,0.47912381,0.4015,1.309268411,0.530490751,0.471721972
1,69.27651795,0.239585504,0.15784541,0.188130558,88.07476866,21.91578145,29.09737163,10.12927226,38.5998605,5.37978022,5.236435711,-0.344690182,10.793636,8.185075927,0.007850631,0.000114288,607.4333333,19.54735884,209.1359346,0.337241,0.278520953,1.207884581,0.536314664,0.486930765
1,65.5147149,0.222372989,0.151148155,0.182831147,93.77041087,27.32900321,35.2506368,15.85618901,49.9712378,5.81,5.342286357,-0.221402573,11.4654114,5.531459283,0.009444313,0.000146311,528.8043333,13.63942442,179.8114521,0.287992727,0.237269778,1.216834644,0.566564931,0.518841085
1,67.77396345,0.222255524,0.159623105,0.191540428,90.18026066,30.04890728,35.64572735,11.59428035,44.89706711,5.872307692,5.378788135,-0.438361527,10.36900276,6.4238989,0.009207989,0.000139331,622.4095238,16.52200854,277.701349,0.293951779,0.31652419,0.932429148,0.508501377,0.534175116
1,54.59385317,0.2396079,0.120741925,0.142925642,124.1262866,67.30430906,69.61280745,23.74901961,57.67239819,6.322096257,5.124659769,-0.254023108,9.046561808,7.865675212,0.007004752,9.62E-05,671.8478095,19.57980295,229.5170701,0.313728572,0.379668571,0.845365531,0.44255092,0.515312898
0,43.82198543,0.215874516,0.079220583,0.087211211,156.1148128,81.22993807,100.4516506,47.60620483,69.97767201,6.535714286,5.069898928,-0.265713205,10.58223017,3.011588202,0.007459276,9.82E-05,601.6111111,6.968397324,245.052319,0.347280423,0.267666667,1.287328482,0.529236001,0.467425557
1,67.21351542,0.116522695,0.201993561,0.222197965,90.69840982,21.52999629,27.25363925,8.558672699,44.38638224,5.032281385,5.283556737,-0.262956497,9.868814176,5.193008322,0.008819694,0.000120971,643.408,14.00154699,157.7821147,0.361727561,0.286548,1.282477446,0.549297526,0.483380303
1,67.90098659,0.111220903,0.205522191,0.224420772,89.22349484,19.40570075,23.04516912,3.323076923,36.8771527,5.154451872,5.348357127,-0.189867625,10.4271335,3.926007166,0.008729363,0.000120997,620.6057143,10.1204553,188.7287272,0.329482143,0.302841905,1.095807026,0.520390385,0.525297022
1,64.41441305,0.114174727,0.188255613,0.206387356,94.27170696,22.8071874,26.99684599,8.905494507,39.74798535,5.598181818,5.24067039,-0.404328145,9.597931707,3.637803105,0.008819155,0.000119489,641.4609524,9.988402767,247.7770549,0.326973571,0.302809524,1.079083892,0.539265015,0.57661054
1,58.35233283,0.109330912,0.154123887,0.169083989,107.2846898,42.88017909,50.16144408,20.35699152,57.37071227,7.622203574,5.28287295,-0.415677384,10.46657334,4.036767421,0.008550233,0.000110109,593.2095238,10.94030469,161.3758775,0.281214,0.308072381,0.92124796,0.469870728,0.502428608
0,43.51845113,0.119403981,0.069868181,0.074668029,151.1638889,77.14191396,109.7984886,60.55555556,82.77777778,9.5,5.059815437,-0.3562515,8.882124671,0.821480616,0.007202222,9.29E-05,714.3571429,1.998753721,331.2939208,0.344020833,0.373714286,0.935292187,0.493128885,0.575176464
1,83.18422631,0.253786172,0.174858553,0.193117283,73.16147352,18.73459063,24.26500277,5.519936641,29.06354052,3.411086166,5.172725121,-0.446451559,8.50389084,3.646228193,0.006463649,9.28E-05,767.2167619,8.776160863,298.9884934,0.384871429,0.353295619,1.104994791,0.554306488,0.530357172
1,82.62241578,0.239066247,0.169800147,0.186483957,73.97632107,19.62628772,26.66415512,7.212127427,39.139311,5.091923484,5.217886246,-0.17587051,9.978425933,1.923566302,0.005889843,9.28E-05,649.7828572,5.084351803,173.3025893,0.311816476,0.317573572,0.992425586,0.519041635,0.553482789
1,84.65694745,0.227914011,0.184028295,0.201928859,71.69596016,16.67330965,22.60542886,5.121693122,31.31229381,3.657,5.092679014,-0.354807409,8.869847362,1.847961698,0.00696788,0.000105247,694.3,5.499714989,213.5252922,0.320588571,0.371888,0.86330877,0.451201082,0.456421251
1,68.30700532,0.22796858,0.131457927,0.143118696,95.56012886,46.72839948,58.4830147,28.69457968,53.81291139,6.811888112,5.230633569,-0.217597298,11.25327098,1.913814701,0.006663327,0.000103552,557.1114286,5.342977816,235.4022986,0.292783619,0.267217143,1.117945194,0.474725222,0.535771386
0,52.68697984,0.237832877,0.091151892,0.102652605,124.6972365,58.50195337,79.44582285,52.1295903,65.80556307,5.7,5.094267393,-0.240771895,10.03626549,1.366533606,0.007865919,0.000126941,724.1150794,3.805795735,455.8115022,0.381683333,0.317208995,1.18949238,0.53151541,0.418191382
1,69.92273985,0.173449535,0.191497417,0.237899278,86.09018126,9.397673919,8.508093272,0.219178082,5.521622347,2.283539869,4.386021047,-0.387032743,16.12160267,3.593225748,0.011091839,0.000189863,390.0422857,7.740316343,121.9884136,0.191767609,0.195022286,0.99501455,0.503083726,0.515149233
1,72.70062675,0.169830494,0.219026996,0.256327678,82.68595173,9.734569774,8.95353377,0,5.800391389,2.691400966,4.518149148,-0.390391265,16.61768178,4.244841382,0.011602591,0.000203275,368.3327473,9.331596042,71.21710488,0.190662286,0.175471489,1.083819727,0.513634416,0.510351151
1,72.8686432,0.162451319,0.205891767,0.25277501,82.80414009,12.16634521,9.895878726,0.41025641,5.973508039,2.942143693,4.536873923,-0.584829486,12.49330051,3.571487526,0.009915312,0.000165179,504.7450909,9.07343434,206.9366815,0.254736084,0.242495273,1.073220178,0.500670675,0.444231763
1,62.70711115,0.168995388,0.15887999,0.190934515,104.7945269,51.29117807,75.33283908,21.29977117,27.67155741,3.052540541,4.732460038,-0.484407199,12.43116923,2.364114768,0.00944792,0.000149406,483.6727272,5.035320468,160.7655071,0.241818141,0.236268606,1.04574359,0.528525561,0.534439065
0,52.46973856,0.186372645,0.092013578,0.103086093,139.107672,78.35145488,133.5343125,63.62433862,76.24338624,7.066666667,5.028277446,-0.267759191,8.393389785,2.65728297,0.007984663,0.000101681,732.7666667,6.540014991,198.8426821,0.374261905,0.353680952,1.140773718,0.549573327,0.446807801
1,80.50042993,0.229021858,0.168732057,0.19708963,75.49717691,17.94725967,23.38018573,3.961488636,32.18127406,3.954693552,5.18783213,-0.668630629,11.05510732,7.412662672,0.010026293,0.000134744,550.894,21.0336998,120.1419989,0.315411515,0.262604,1.195887207,0.509881032,0.501753474
1,80.79444616,0.233842433,0.162578892,0.190597158,74.81619575,14.71775273,19.32491877,1.896420652,27.64238201,4.472666667,5.129030302,-0.36117172,11.26263665,9.219070716,0.009559619,0.000125172,549.0307143,24.96133946,130.1728082,0.279531111,0.274320714,1.030601159,0.493760618,0.538429221
1,77.19795797,0.217895547,0.163144732,0.19173538,78.63559537,19.50274486,23.7313692,4.223011583,32.14888031,4.811904762,5.228628483,-0.286470116,10.74958369,7.362569686,0.009395818,0.00012309,557.0857143,19.34147759,113.0264903,0.306946857,0.247659048,1.256903748,0.561033026,0.530907058
1,63.25226801,0.231442243,0.117973434,0.137187538,104.9130443,48.908965,59.93876983,23.87857475,51.48129511,6.343720824,5.200217681,-0.316053031,10.40746851,6.283364169,0.008362874,0.000111319,593.4242857,16.09040083,129.0894601,0.262759048,0.331168571,0.816832424,0.451180506,0.528533068
0,40.7269023,0.221998709,0.084052803,0.093371125,166.4098306,65.51712293,87.26775608,45.99173003,68.8052999,6.25,4.80926821,-0.226006578,8.38181392,4.381819031,0.007525726,8.87E-05,727.0238095,12.61630149,255.0346886,0.390439286,0.319031746,1.259645971,0.53454542,0.521803799
1,62.09729469,0.207397655,0.158414889,0.172687864,97.43115265,22.97150477,24.60891261,4.323964302,35.61966183,4.749370629,5.213657479,-0.272646997,7.851474212,12.20822931,0.00771374,8.56E-05,767.1528571,35.57281858,227.3957408,0.347972,0.405180857,0.858254652,0.451128173,0.440015856
1,63.71567407,0.197932718,0.16474559,0.178040845,95.76071169,26.22111522,31.89187811,10.65870778,47.28810443,6.649393939,5.314145639,-0.355106972,7.993799086,9.668761684,0.007583611,9.32E-05,779.532,28.73170985,293.1220241,0.339585143,0.43164,0.782956473,0.454646342,0.439918566
1,59.95486343,0.199008971,0.150590031,0.165013472,101.9490877,28.64059255,34.46039328,17.9443609,45.82581453,5.602909091,5.282570739,-0.286400163,8.21930304,8.750011543,0.007734876,9.67E-05,722.4093333,22.6122549,192.9890907,0.32276,0.398709333,0.815652848,0.43546684,0.409832771
1,54.75084313,0.208689939,0.119763708,0.130771421,118.2987693,58.58015319,84.52640102,31.1274387,58.18941861,6.239636364,5.232964772,-0.489782421,7.844401927,7.155039692,0.007186541,9.21E-05,828.824,21.11342178,456.0227617,0.329533714,0.516064,0.692110413,0.39896925,0.412014001
0,43.86325732,0.189449841,0.084495982,0.088112038,165.3529266,75.64869715,113.0747506,47.00396825,59.41964286,4.628571429,4.619922988,-0.322121538,7.605812155,2.781890086,0.005481328,6.14E-05,796.968254,6.316963463,184.9821607,0.451125,0.338238095,1.358021941,0.557910176,0.416597423
1,64.73217419,0.183939844,0.202700572,0.206094315,93.80688172,21.84863133,26.67901419,6.156682027,37.50414746,5.265454545,5.272440049,-0.356010114,9.585179118,5.479738537,0.008462505,0.00010221,629.5571429,14.96849143,162.8893217,0.313997143,0.311268572,1.009440913,0.500521233,0.535147583
1,61.51684401,0.173892599,0.225840199,0.226242578,98.4879322,23.43124524,24.68392796,4.833898306,36.71525423,5.513230769,5.241212964,-0.191731826,8.766530775,5.372870442,0.008554899,0.000111273,669.1,14.67786115,205.3181604,0.369222857,0.295354286,1.259643154,0.576078746,0.501102922
1,63.79364212,0.179657385,0.208255662,0.210272854,95.70853961,26.05092302,30.84087983,11.26481166,42.49829715,5.690666667,5.368011707,-0.259747675,9.797933582,6.777788874,0.008195721,9.96E-05,635.4114285,17.12120323,162.1894614,0.335215714,0.307099047,1.079966617,0.49311908,0.489923949
1,57.29218332,0.172557178,0.152053432,0.156652085,109.4477047,48.504833,54.7300474,25.62147259,51.28719252,6.392727272,5.323291301,-0.425456833,10.02486189,4.326925967,0.00720319,9.38E-05,661.2285714,10.38680901,338.3512637,0.428641667,0.303973714,1.440440922,0.524955739,0.471620552
0,39.79165362,0.168219364,0.081208776,0.086234442,179.8717949,102.0669419,137.6184522,56.37140637,78.55477856,8.037037037,4.896759814,-0.366598813,9.166388131,4.335711909,0.006697937,8.48E-05,766.761111,12.50975637,458.3284582,0.431261111,0.388244444,1.176521841,0.507799247,0.497151609
1,67.43763535,0.135448932,0.18243003,0.192856464,89.86030355,22.72511456,25.87088366,6.872109737,38.34358943,5.752727273,5.342836065,-0.259408195,8.658183178,10.68636099,0.008199942,0.000104934,684.7333333,29.81789455,147.8522301,0.328678571,0.354592381,0.935232652,0.490755031,0.498824345
1,64.41245477,0.135854125,0.171559482,0.185189985,94.31973361,20.87738895,27.74860531,6.325819672,38.51844262,4.546606335,5.176511425,-0.302005624,8.120672054,11.46663124,0.007777764,0.000101462,723.292,31.22879172,226.195673,0.361507048,0.358,1.034457622,0.515547268,0.573832089
1,63.77524272,0.136926597,0.173090882,0.188364212,95.21175233,20.92752461,25.44167468,5.558815071,42.23328814,4.438245614,5.061453308,-0.365266208,9.613336216,12.70050929,0.008778393,0.000120022,638.784,33.79447589,166.1468861,0.29438,0.348245714,0.871190526,0.446738573,0.529835524
1,56.25573907,0.140845412,0.133857521,0.147041752,114.2508253,49.82729801,62.0545474,33.44086022,62.56332914,7.624363636,5.291581539,-0.407886446,10.04127136,6.136310121,0.007027134,9.51E-05,641.9721905,13.71509531,272.9551246,0.393351,0.312222095,1.249798659,0.511160196,0.528045886
0,49.89956737,0.179218322,0.085818885,0.096727396,136.4374679,73.09263376,91.45395636,52.61941448,72.87707585,8.875,5.183124834,-0.409500569,9.790438135,2.06862812,0.007952713,0.000112929,659.952381,5.111830332,249.0038971,0.310994048,0.338722222,0.93692638,0.514496517,0.472233902
1,66.71280604,0.245174593,0.151999662,0.181948324,90.98657767,21.38344196,26.15768288,4.97579551,41.89644155,5.404025974,5.238752702,-0.416224541,9.716144074,3.228298037,0.009347342,0.000133648,628.1725714,9.658815745,155.7692435,0.270193333,0.352171571,0.808942798,0.448016626,0.464436329
1,67.11472331,0.231650844,0.163378774,0.194716695,90.83595277,23.7001819,30.79180047,9.650029995,46.61458448,5.259047619,5.187351781,-0.382510425,10.02281689,4.189450684,0.008474337,0.000121196,600.4285714,10.70453831,188.884874,0.244065,0.349125714,0.704161872,0.424572668,0.406731802
1,67.35114197,0.257302713,0.147112826,0.178446218,90.41620493,20.24083761,26.15758844,8.958254271,38.02087286,4.965090909,5.274793827,-0.260237071,7.99536356,3.288061371,0.008288545,0.000121022,762.8628572,9.593076282,269.6765888,0.357325,0.438542095,0.838338714,0.447871269,0.394062234
1,58.95612927,0.240301041,0.131495441,0.153663485,109.902139,48.46292387,57.89734677,21.03845175,44.57397505,5.146090226,5.124046868,-0.512446244,10.44786299,1.845912177,0.007849921,0.000107096,614.865,5.799334135,173.1646241,0.312312381,0.308591667,1.040162597,0.259567924,0.224226166
0,44.61686678,0.177795465,0.102061652,0.100590808,163.5535714,85.02966323,102.4242974,43.54395604,58.1043956,6.75,4.811589628,-0.611049203,11.37000436,0.85891699,0.007268775,9.99E-05,555.9375,1.853484538,202.7224579,0.295333333,0.2491875,1.208238486,0.514108994,0.481010572
1,62.9733941,0.103272751,0.23488925,0.226163542,96.55765888,25.18643121,28.02093861,7.310695412,44.36453696,5.762039216,5.199945353,-0.31725588,10.26032495,0.49743189,0.009409112,0.000140099,606.7647619,1.412557619,192.6347185,0.320712667,0.272427302,1.193917115,0.564914946,0.527376887
1,63.24051565,0.109498321,0.20518214,0.201568298,96.41837854,25.2263398,32.49167327,12.29567809,50.26885246,6.557142857,5.366690498,-0.221902299,11.87257099,0.395412516,0.009846626,0.000147077,557.1494603,1.076724965,199.6409736,0.333808,0.230749778,1.453313371,0.561450576,0.494887614
1,61.42585651,0.107696307,0.191387744,0.187614596,98.93448276,26.15618922,31.32676353,9.292928113,50.22957335,5.450285714,5.368011458,-0.284781084,10.43337022,0.498635795,0.009515123,0.000140005,580.3466667,1.509140326,160.0756742,0.350738286,0.243020953,1.487763475,0.579718707,0.488416963
1,50.28430891,0.111787317,0.145981473,0.144692177,132.5473235,61.13649651,71.83520283,20.84766391,43.65139066,5.756615385,5.090498778,-0.436918447,9.554610656,0.473888142,0.008195399,0.000113408,634.16,1.243383616,210.5305028,0.379356746,0.253294286,1.5073805,0.592968403,0.448379117
0,46.3811061,0.119360425,0.098019625,0.104014756,146.4154421,89.91248494,108.4446319,53.13701384,67.52141756,6.727777778,5.029481095,-0.323211595,9.282931255,0.736246536,0.007360968,9.38E-05,648,2.118420955,202.6701252,0.308190476,0.336222222,0.983518107,0.483250451,0.466312615
1,71.83046015,0.124823998,0.198934494,0.218851476,84.44227664,21.52973915,25.20877095,5.563969483,37.68640063,4.460512821,5.224208171,-0.343118669,7.210791595,6.801512133,0.007097666,8.10E-05,839.32,19.45787965,306.0629298,0.364242667,0.477998,0.859406677,0.445157665,0.413211059
1,69.706978,0.117761625,0.197576349,0.218104901,87.23483123,23.85713886,24.3614762,7.020688715,29.12708933,4.502857143,5.097152949,-0.344371178,8.472262417,3.764097034,0.007097805,9.28E-05,735.3514286,10.30164074,277.005923,0.324139714,0.405547238,0.883937562,0.436805884,0.558095466
1,70.82932784,0.116168428,0.200421945,0.225363508,85.43293994,17.47498071,19.35013602,2.32317248,26.16598184,4.110588235,5.146183573,-0.361302243,8.328242263,4.634300027,0.006701918,7.95E-05,744.512,12.01021301,231.7866438,0.353835,0.388408,0.926033738,0.497836397,0.509310358
1,54.82528112,0.112442169,0.154990027,0.172137548,119.7213045,53.55326647,69.95691822,25.79903846,49.15897436,5.581298701,5.162127185,-0.34384351,7.873758663,3.219906876,0.006380728,7.06E-05,868.95,9.341526273,444.7883016,0.387766857,0.49249,0.977993719,0.39207232,0.380165621
0,51.58358989,0.150401679,0.095617477,0.106795622,130.5618685,75.57515184,93.54577278,41.49537906,67.24028907,7.324074074,5.128311783,-0.340712472,11.03162277,0.975119287,0.007519598,0.000111944,575.1634921,2.089514992,172.5012959,0.281350108,0.297820635,0.968710491,0.480774138,0.462261824
1,74.37018637,0.259132549,0.169388093,0.199681816,81.53743135,18.90263236,24.53315456,4.459161361,37.54678758,4.425978022,5.242027791,-0.300457025,15.18938232,0.764739806,0.012891732,0.000222706,402.9525874,1.951790778,113.5880308,0.205580733,0.19266965,1.068714705,0.51598773,0.490593538
1,69.92106423,0.252755933,0.159224207,0.189331345,86.9662669,20.61985859,26.98266298,8.337802063,38.65621555,4.604,5.313877062,-0.384308817,14.54721523,1.390025805,0.011007501,0.000182898,423.4845484,3.12072409,97.86087182,0.234994182,0.19706168,1.200400756,0.52510542,0.496998394
1,68.37251827,0.248981845,0.16317468,0.193807242,88.79442433,21.94437025,26.75087596,7.04757476,36.47461831,5.640944056,5.214420213,-0.31871536,12.96239836,1.20891187,0.010646251,0.000165795,480.3565455,3.018402625,147.4110524,0.247897249,0.226762727,1.090782174,0.523851254,0.519646661
1,57.719512,0.26015856,0.126333083,0.147336459,110.2996216,50.29596513,52.0991685,20.93936929,47.80193368,6.216363636,5.336166655,-0.384660747,12.29528754,1.318751368,0.009703154,0.00014662,505.2733333,3.046168236,124.6879557,0.295180513,0.218006667,1.346300438,0.547896298,0.512743622
0,43.09583091,0.236383972,0.078544589,0.085951411,162.4643773,76.26258952,103.5583088,58.82783883,77.79304029,8.644444446,4.954471364,-0.230647114,8.944483678,0.79986802,0.008143018,1.00E-04,702.2583333,2.18279774,178.0004306,0.381875662,0.316513889,1.194235344,0.533806591,0.512300462
1,66.8205512,0.1129521,0.176859762,0.205783393,91.24362903,25.3735867,28.51062581,8.070126227,41.13341515,6.323313131,5.33872868,-0.321041905,11.5144947,1.471165265,0.009661609,0.000143056,538.988619,3.727092099,162.4844251,0.262156121,0.269578238,0.997708231,0.501755292,0.566463523
1,62.81350632,0.118098888,0.164305925,0.19199919,97.28454621,26.80635063,31.6833624,13.53871356,49.03465313,5.967555556,5.259231402,-0.259234988,11.65426778,1.484078416,0.00992068,0.0001458,524.9733333,3.883920124,129.2811216,0.228986667,0.29245,0.800382417,0.435166562,0.567900008
1,69.28023394,0.111339927,0.176177731,0.203585161,88.32695787,24.49495805,30.58220168,12.13397436,45.89010989,6.036363636,5.414235621,-0.277369431,10.56697321,2.119137822,0.008540657,0.000119022,566.9161905,5.03903084,92.0829548,0.25756,0.309808571,0.845994417,0.460284604,0.576969142
1,57.36748393,0.110201513,0.132128247,0.150763753,114.8016748,54.89346544,78.7662673,34.76109307,64.02056277,7.702769231,5.278973629,-0.291337221,9.458798816,0.953032109,0.008642863,0.000123711,643.56,2.639336604,135.5865408,0.31924,0.312694286,1.03199849,0.508096671,0.513615164
0,54.52885424,0.111353693,0.10653229,0.11484944,122.0066045,71.67660813,101.45834,40.66045066,70.56721057,7.916666667,5.26276877,-0.149199696,9.644003924,0.541788999,0.008350022,0.000115047,664.2936508,1.544003175,227.7610212,0.327357143,0.324626984,1.004374459,0.508263918,0.466539702
1,65.51070718,0.126339047,0.183245729,0.202605699,92.52885509,20.59202657,25.1432905,4.942241969,37.27175894,4.411802413,5.313116335,-0.364912775,11.19799069,1.228224435,0.009634685,0.000146354,580.1485714,3.499519017,288.0169334,0.275095556,0.29523,0.942992983,0.507028217,0.529039881
1,65.70763439,0.126029175,0.180205599,0.202174699,92.43488616,23.40463293,28.06508039,9.096409056,38.61872235,4.500058823,5.25972666,-0.33453466,10.66648107,1.572539467,0.008955451,0.000135829,573.3519047,3.949538324,139.7420761,0.29723481,0.280243809,1.079724852,0.522474505,0.542406752
1,63.50437165,0.12559333,0.176730023,0.20031605,95.40637762,21.31029687,24.94677695,6.919347319,33.56363636,4.435462185,5.200472954,-0.355508691,11.35540901,2.294293768,0.009062028,0.000137835,572.8069264,5.370662971,189.3673765,0.270904857,0.294253853,0.941079842,0.454717632,0.469489785
1,56.25561916,0.123011585,0.1327427,0.150872637,115.5659073,59.1166619,76.02422741,24.61665377,51.70048345,5.459047619,5.156645739,-0.262742724,8.583165987,1.436456283,0.007808781,0.000114676,792.73,3.857288901,437.351165,0.304902,0.501455,0.790813197,0.378573783,0.486542013
0,43.68818627,0.122201162,0.083236071,0.093298781,162.2044444,96.82414854,140.6186492,59.11111111,75.33333333,7.5,4.955813961,-0.228841862,9.833466332,0.896800312,0.008244341,0.000127507,731.6666667,2.777639759,375.8949544,0.353180555,0.351857143,1.10430888,0.549218823,0.571702286
1,70.54318222,0.116342706,0.188990911,0.223424174,85.9984733,19.99631775,25.48311442,3.271607928,30.82677265,3.736865181,5.122893494,-0.265875436,11.59066067,1.44817921,0.010899603,0.000168678,522.7105455,3.964454667,179.5097763,0.24784,0.270033818,0.930295591,0.494792318,0.531521592
1,66.39363126,0.109097568,0.188469741,0.224547168,91.35827771,20.28514717,25.815022,3.882232463,45.18503003,4.885934066,5.164123826,-0.311014405,12.28106069,1.082154479,0.011367577,0.00018487,520.4269697,2.940819985,227.4544065,0.252592,0.26078303,0.972251795,0.496055491,0.561474139
1,67.31694621,0.113505058,0.184005867,0.215481909,90.45926891,21.28487298,27.52608271,8.864361129,40.66458737,3.933692308,5.181408912,-0.352703516,11.97354702,0.677094807,0.010451566,0.000159083,505.7825556,1.808143936,128.5643766,0.23675103,0.264423889,0.91462001,0.470911269,0.5245823
1,59.35867091,0.120633067,0.142597209,0.166530026,104.6895922,42.47419894,47.46545381,17.41069597,51.1003663,5.34,5.202925791,-0.30579353,11.54885399,0.477853797,0.008972894,0.000141438,527.5987301,1.119135257,132.4603554,0.257074,0.280985396,0.956648592,0.457539694,0.473504724
0,42.68381419,0.147833853,0.093772952,0.103435428,161.4138814,82.62572712,107.2754716,55.80113806,69.07457322,7.819444444,5.008558877,-0.447630375,10.0918186,0.50072942,0.007833382,9.56E-05,615.1111111,1.239514482,120.6183787,0.363866522,0.294266667,1.223186821,0.532435029,0.498882973
1,60.38046059,0.158876996,0.165842353,0.188373288,99.93895485,16.80388916,21.19594166,3.639607493,30.06037236,4.212710623,5.004978137,-0.251518684,14.59548056,0.488243938,0.011808011,0.000184497,416.2061818,1.171616082,78.58779406,0.211706947,0.202969818,1.044322086,0.512745378,0.48996327
1,63.17814405,0.161335325,0.166297977,0.184390405,95.7651729,20.25577394,24.58955236,4.289003891,39.79293554,5.349090909,5.18375646,-0.22095433,13.82125193,0.579564442,0.010814036,0.000164004,448.5597576,1.350882048,97.47613209,0.233939637,0.21478497,1.101648483,0.520355224,0.514668291
1,64.21888338,0.167305583,0.173313861,0.188529868,94.11786673,15.56083432,19.28496691,1.167636171,29.90629938,3.78631579,5.0328765,-0.233887222,14.32532725,0.776514118,0.011005681,0.00017081,440.0227273,1.760794768,114.1584709,0.217664755,0.219600364,0.992857841,0.498641328,0.508424159
1,57.09976318,0.174048587,0.138284931,0.152048264,109.9191562,45.81078952,47.12208766,19.16643356,35.90269403,4.961714286,5.17204671,-0.319116639,9.994763735,0.770795227,0.008763313,0.000134329,636.3342222,1.819405761,148.6418268,0.316659077,0.296596444,1.071653858,0.530219143,0.482086528
0,42.70345848,0.159731732,0.068546018,0.078474142,177.7722222,104.1343095,145.0673729,53.88888889,71.11111111,9.333333333,4.96477755,-0.398987701,7.426294028,0.390041234,0.006458708,8.16E-05,828.4,0.946538885,183.6884343,0.409733333,0.42545,0.962513648,0.470388599,0.509356214
1,67.23755479,0.117921899,0.152005505,0.179458815,92.26270944,32.16785555,41.51797979,19.27219803,49.31595867,5.998,5.379536574,-0.191764383,13.01683771,0.318897041,0.010683858,0.000172039,466.34,0.768448146,146.8512031,0.240713939,0.232704,1.067785818,0.493775371,0.463422095
1,67.36272274,0.122385484,0.149837399,0.176694837,91.09515967,30.1680896,37.88435566,13.9289972,50.47387177,5.232571429,5.226920342,-0.226448106,11.12484407,0.689954743,0.010223394,0.000168667,565.5826667,1.666008144,186.3189562,0.258579152,0.290289667,0.894961304,0.499929924,0.557526382
1,68.75845831,0.133783079,0.141349722,0.163542705,89.2753624,31.16188726,38.40277886,18.12110015,47.00699933,5.522181818,5.222886582,-0.347401646,10.93916731,0.298814658,0.007744878,0.000119803,605.1971429,0.698342138,230.5806746,0.344894444,0.270912857,1.304401944,0.532474792,0.538196601
1,61.45346803,0.142181892,0.128352668,0.146194897,106.8745446,48.44935445,64.91423635,29.25919122,64.35133424,5.408871129,5.211839262,-0.248087623,10.72214406,0.289504643,0.008683582,0.000133475,560.7137143,0.783625409,148.2876383,0.293702857,0.280446571,1.049523897,0.499562488,0.480720471
0,43.27747627,0.157164725,0.071675905,0.074857041,155.3180873,92.64312763,132.202599,69.88911989,89.3970894,11.04166667,5.06516861,-0.378906497,7.212896479,0.400851279,0.006088943,8.28E-05,861.2,1.059609231,358.899358,0.445,0.3614,1.260820955,0.55507157,0.474249686
